venue,year,doi,,,,,,,,,,
InfoVis,2009,10.1109/TVCG.2009.108,,,,,,,,,,
InfoVis,2009,10.1109/TVCG.2009.109,,,,,,,,,,
InfoVis,2009,10.1109/TVCG.2009.110,,,,,,,,,,
InfoVis,2009,10.1109/TVCG.2009.111,,,,,,,,,,
InfoVis,2009,10.1109/TVCG.2009.116,,,,,,,,,,
InfoVis,2009,10.1109/TVCG.2009.117,,,,,,,,,,
InfoVis,2009,10.1109/TVCG.2009.122,,,,,,,,,,
InfoVis,2009,10.1109/TVCG.2009.123,,,,,,,,,,
InfoVis,2009,10.1109/TVCG.2009.127,,,,,,,,,,
InfoVis,2009,10.1109/TVCG.2009.128,,,,,,,,,,
InfoVis,2009,10.1109/TVCG.2009.129,,,,,,,,,,
InfoVis,2009,10.1109/TVCG.2009.130,,,,,,,,,,
InfoVis,2009,10.1109/TVCG.2009.139,,,,,,,,,,
InfoVis,2009,10.1109/TVCG.2009.140,,,,,,,,,,
InfoVis,2009,10.1109/TVCG.2009.143,,,,,,,,,,
InfoVis,2009,10.1109/TVCG.2009.145,,,,,,,,,,
InfoVis,2009,10.1109/TVCG.2009.146,,,,,,,,,,
InfoVis,2009,10.1109/TVCG.2009.148,,,,,,,,,,
InfoVis,2009,10.1109/TVCG.2009.151,,,,,,,,,,
InfoVis,2009,10.1109/TVCG.2009.153,,,,,,,,,,
InfoVis,2009,10.1109/TVCG.2009.162,,,,,,,,,,
InfoVis,2009,10.1109/TVCG.2009.165,,,,,,,,,,
InfoVis,2009,10.1109/TVCG.2009.167,,,,,,,,,,
InfoVis,2009,10.1109/TVCG.2009.171,,,,,,,,,,
InfoVis,2009,10.1109/TVCG.2009.174,,,,,,,,,,
InfoVis,2009,10.1109/TVCG.2009.176,,,,,,,,,,
InfoVis,2009,10.1109/TVCG.2009.179,,,,,,,,,,
InfoVis,2009,10.1109/TVCG.2009.180,,,,,,,,,,
InfoVis,2009,10.1109/TVCG.2009.181,,,,,,,,,,
InfoVis,2009,10.1109/TVCG.2009.182,,,,,,,,,,
InfoVis,2009,10.1109/TVCG.2009.183,,,,,,,,,,
InfoVis,2009,10.1109/TVCG.2009.187,,,,,,,,,,
InfoVis,2009,10.1109/TVCG.2009.188,,,,,,,,,,
InfoVis,2009,10.1109/TVCG.2009.191,,,,,,,,,,
InfoVis,2009,10.1109/TVCG.2009.196,,,,,,,,,,
InfoVis,2009,10.1109/TVCG.2009.201,,,,,,,,,,
InfoVis,2009,10.1109/TVCG.2009.202,,,,,,,,,,
VAST,2009,10.1109/VAST.2009.5333878,,,,,,,,,,
VAST,2009,10.1109/VAST.2009.5333893,,,,,,,,,,
VAST,2009,10.1109/VAST.2009.5333564,,,,,,,,,,
VAST,2009,10.1109/VAST.2009.5333437,,,,,,,,,,
VAST,2009,10.1109/VAST.2009.5333428,,,,,,,,,,
VAST,2009,10.1109/VAST.2009.5332584,,,,,,,,,,
VAST,2009,10.1109/VAST.2009.5332586,,,,,,,,,,
VAST,2009,10.1109/VAST.2009.5332593,,,,,,,,,,
VAST,2009,10.1109/VAST.2009.5332595,,,,,,,,,,
VAST,2009,10.1109/VAST.2009.5332596,,,,,,,,,,
VAST,2009,10.1109/VAST.2009.5332610,,,,,,,,,,
VAST,2009,10.1109/VAST.2009.5332611,,,,,,,,,,
VAST,2009,10.1109/VAST.2009.5332628,,,,,,,,,,
VAST,2009,10.1109/VAST.2009.5332629,,,,,,,,,,
VAST,2009,10.1109/VAST.2009.5333020,,,,,,,,,,
VAST,2009,10.1109/VAST.2009.5333023,,,,,,,,,,
VAST,2009,10.1109/VAST.2009.5333245,,,,,,,,,,
VAST,2009,10.1109/VAST.2009.5333248,,,,,,,,,,
VAST,2009,10.1109/VAST.2009.5333431,,,,,,,,,,
VAST,2009,10.1109/VAST.2009.5333443,,,,,,,,,,
VAST,2009,10.1109/VAST.2009.5333880,,,,,,,,,,
VAST,2009,10.1109/VAST.2009.5333895,,,,,,,,,,
VAST,2009,10.1109/VAST.2009.5333911,,,,,,,,,,
VAST,2009,10.1109/VAST.2009.5333917,,,,,,,,,,
VAST,2009,10.1109/VAST.2009.5333919,,,,,,,,,,
VAST,2009,10.1109/VAST.2009.5333920,,,,,,,,,,
SciVis,2009,10.1109/TVCG.2009.112,,,,,,,,,,
SciVis,2009,10.1109/TVCG.2009.113,,,,,,,,,,
SciVis,2009,10.1109/TVCG.2009.114,,,,,,,,,,
SciVis,2009,10.1109/TVCG.2009.115,,,,,,,,,,
SciVis,2009,10.1109/TVCG.2009.118,,,,,,,,,,
SciVis,2009,10.1109/TVCG.2009.119,,,,,,,,,,
SciVis,2009,10.1109/TVCG.2009.120,,,,,,,,,,
SciVis,2009,10.1109/TVCG.2009.121,,,,,,,,,,
SciVis,2009,10.1109/TVCG.2009.124,,,,,,,,,,
SciVis,2009,10.1109/TVCG.2009.125,,,,,,,,,,
SciVis,2009,10.1109/TVCG.2009.126,,,,,,,,,,
SciVis,2009,10.1109/TVCG.2009.131,,,,,,,,,,
SciVis,2009,10.1109/TVCG.2009.136,,,,,,,,,,
SciVis,2009,10.1109/TVCG.2009.137,,,,,,,,,,
SciVis,2009,10.1109/TVCG.2009.138,,,,,,,,,,
SciVis,2009,10.1109/TVCG.2009.141,,,,,,,,,,
SciVis,2009,10.1109/TVCG.2009.142,,,,,,,,,,
SciVis,2009,10.1109/TVCG.2009.144,,,,,,,,,,
SciVis,2009,10.1109/TVCG.2009.147,,,,,,,,,,
SciVis,2009,10.1109/TVCG.2009.149,,,,,,,,,,
SciVis,2009,10.1109/TVCG.2009.150,,,,,,,,,,
SciVis,2009,10.1109/TVCG.2009.152,,,,,,,,,,
SciVis,2009,10.1109/TVCG.2009.154,,,,,,,,,,
SciVis,2009,10.1109/TVCG.2009.155,,,,,,,,,,
SciVis,2009,10.1109/TVCG.2009.156,,,,,,,,,,
SciVis,2009,10.1109/TVCG.2009.157,,,,,,,,,,
SciVis,2009,10.1109/TVCG.2009.158,,,,,,,,,,
SciVis,2009,10.1109/TVCG.2009.159,,,,,,,,,,
SciVis,2009,10.1109/TVCG.2009.160,,,,,,,,,,
SciVis,2009,10.1109/TVCG.2009.161,,,,,,,,,,
SciVis,2009,10.1109/TVCG.2009.163,,,,,,,,,,
SciVis,2009,10.1109/TVCG.2009.164,,,,,,,,,,
SciVis,2009,10.1109/TVCG.2009.166,,,,,,,,,,
SciVis,2009,10.1109/TVCG.2009.168,,,,,,,,,,
SciVis,2009,10.1109/TVCG.2009.169,,,,,,,,,,
SciVis,2009,10.1109/TVCG.2009.170,,,,,,,,,,
SciVis,2009,10.1109/TVCG.2009.172,,,,,,,,,,
SciVis,2009,10.1109/TVCG.2009.173,,,,,,,,,,
SciVis,2009,10.1109/TVCG.2009.175,,,,,,,,,,
SciVis,2009,10.1109/TVCG.2009.177,,,,,,,,,,
SciVis,2009,10.1109/TVCG.2009.178,,,,,,,,,,
SciVis,2009,10.1109/TVCG.2009.184,,,,,,,,,,
SciVis,2009,10.1109/TVCG.2009.185,,,,,,,,,,
SciVis,2009,10.1109/TVCG.2009.186,,,,,,,,,,
SciVis,2009,10.1109/TVCG.2009.189,,,,,,,,,,
SciVis,2009,10.1109/TVCG.2009.190,,,,,,,,,,
SciVis,2009,10.1109/TVCG.2009.194,,,,,,,,,,
SciVis,2009,10.1109/TVCG.2009.195,,,,,,,,,,
SciVis,2009,10.1109/TVCG.2009.197,,,,,,,,,,
SciVis,2009,10.1109/TVCG.2009.198,,,,,,,,,,
SciVis,2009,10.1109/TVCG.2009.199,,,,,,,,,,
SciVis,2009,10.1109/TVCG.2009.200,,,,,,,,,,
SciVis,2009,10.1109/TVCG.2009.203,,,,,,,,,,
SciVis,2009,10.1109/TVCG.2009.204,,,,,,,,,,
InfoVis,2010,10.1109/TVCG.2010.126,,,,,,,,,,
InfoVis,2010,10.1109/TVCG.2010.129,,,,,,,,,,
InfoVis,2010,10.1109/TVCG.2010.130,,,,,,,,,,
InfoVis,2010,10.1109/TVCG.2010.137,,,,,,,,,,
InfoVis,2010,10.1109/TVCG.2010.138,,,,,,,,,,
InfoVis,2010,10.1109/TVCG.2010.144,,,,,,,,,,
InfoVis,2010,10.1109/TVCG.2010.149,,,,,,,,,,
InfoVis,2010,10.1109/TVCG.2010.150,,,,,,,,,,
InfoVis,2010,10.1109/TVCG.2010.154,,,,,,,,,,
InfoVis,2010,10.1109/TVCG.2010.159,,,,,,,,,,
InfoVis,2010,10.1109/TVCG.2010.161,,,,,,,,,,
InfoVis,2010,10.1109/TVCG.2010.162,,,,,,,,,,
InfoVis,2010,10.1109/TVCG.2010.163,,,,,,,,,,
InfoVis,2010,10.1109/TVCG.2010.164,,,,,,,,,,
InfoVis,2010,10.1109/TVCG.2010.174,,,,,,,,,,
InfoVis,2010,10.1109/TVCG.2010.175,,,,,,,,,,
InfoVis,2010,10.1109/TVCG.2010.176,,,,,,,,,,
InfoVis,2010,10.1109/TVCG.2010.177,,,,,,,,,,
InfoVis,2010,10.1109/TVCG.2010.179,,,,,,,,,,
InfoVis,2010,10.1109/TVCG.2010.180,,,,,,,,,,
InfoVis,2010,10.1109/TVCG.2010.183,,,,,,,,,,
InfoVis,2010,10.1109/TVCG.2010.184,,,,,,,,,,
InfoVis,2010,10.1109/TVCG.2010.185,,,,,,,,,,
InfoVis,2010,10.1109/TVCG.2010.186,,,,,,,,,,
InfoVis,2010,10.1109/TVCG.2010.191,,,,,,,,,,
InfoVis,2010,10.1109/TVCG.2010.193,,,,,,,,,,
InfoVis,2010,10.1109/TVCG.2010.194,,,,,,,,,,
InfoVis,2010,10.1109/TVCG.2010.197,,,,,,,,,,
InfoVis,2010,10.1109/TVCG.2010.205,,,,,,,,,,
InfoVis,2010,10.1109/TVCG.2010.206,,,,,,,,,,
InfoVis,2010,10.1109/TVCG.2010.209,,,,,,,,,,
InfoVis,2010,10.1109/TVCG.2010.210,,,,,,,,,,
InfoVis,2010,10.1109/TVCG.2010.216,,,,,,,,,,
InfoVis,2010,10.1109/TVCG.2010.217,,,,,,,,,,
InfoVis,2010,10.1109/TVCG.2010.222,,,,,,,,,,
VAST,2010,10.1109/VAST.2010.5652392,,,,,,,,,,
VAST,2010,10.1109/VAST.2010.5652398,,,,,,,,,,
VAST,2010,10.1109/VAST.2010.5652433,,,,,,,,,,
VAST,2010,10.1109/VAST.2010.5652443,,,,,,,,,,
VAST,2010,10.1109/VAST.2010.5652450,,,,,,,,,,
VAST,2010,10.1109/VAST.2010.5652460,,,,,,,,,,
VAST,2010,10.1109/VAST.2010.5652467,,,,,,,,,,
VAST,2010,10.1109/VAST.2010.5652478,,,,,,,,,,
VAST,2010,10.1109/VAST.2010.5652484,,,,,,,,,,
VAST,2010,10.1109/VAST.2010.5652520,,,,,,,,,,
VAST,2010,10.1109/VAST.2010.5652530,,,,,,,,,,
VAST,2010,10.1109/VAST.2010.5652879,,,,,,,,,,
VAST,2010,10.1109/VAST.2010.5652880,,,,,,,,,,
VAST,2010,10.1109/VAST.2010.5652885,,,,,,,,,,
VAST,2010,10.1109/VAST.2010.5652890,,,,,,,,,,
VAST,2010,10.1109/VAST.2010.5652895,,,,,,,,,,
VAST,2010,10.1109/VAST.2010.5653598,,,,,,,,,,
VAST,2010,10.1109/VAST.2010.5652896,,,,,,,,,,
VAST,2010,10.1109/VAST.2010.5652910,,,,,,,,,,
VAST,2010,10.1109/VAST.2010.5652922,,,,,,,,,,
VAST,2010,10.1109/VAST.2010.5652926,,,,,,,,,,
VAST,2010,10.1109/VAST.2010.5652931,,,,,,,,,,
VAST,2010,10.1109/VAST.2010.5652932,,,,,,,,,,
VAST,2010,10.1109/VAST.2010.5652940,,,,,,,,,,
VAST,2010,10.1109/VAST.2010.5652968,,,,,,,,,,
VAST,2010,10.1109/VAST.2010.5653587,,,,,,,,,,
VAST,2010,10.1109/VAST.2010.5653599,,,,,,,,,,
SciVis,2010,10.1109/TVCG.2010.127,,,,,,,,,,
SciVis,2010,10.1109/TVCG.2010.128,,,,,,,,,,
SciVis,2010,10.1109/TVCG.2010.131,,,,,,,,,,
SciVis,2010,10.1109/TVCG.2010.132,,,,,,,,,,
SciVis,2010,10.1109/TVCG.2010.133,,,,,,,,,,
SciVis,2010,10.1109/TVCG.2010.134,,,,,,,,,,
SciVis,2010,10.1109/TVCG.2010.136,,,,,,,,,,
SciVis,2010,10.1109/TVCG.2010.139,,,,,,,,,,
SciVis,2010,10.1109/TVCG.2010.145,,,,,,,,,,
SciVis,2010,10.1109/TVCG.2010.146,,,,,,,,,,
SciVis,2010,10.1109/TVCG.2010.147,,,,,,,,,,
SciVis,2010,10.1109/TVCG.2010.148,,,,,,,,,,
SciVis,2010,10.1109/TVCG.2010.151,,,,,,,,,,
SciVis,2010,10.1109/TVCG.2010.152,,,,,,,,,,
SciVis,2010,10.1109/TVCG.2010.153,,,,,,,,,,
SciVis,2010,10.1109/TVCG.2010.155,,,,,,,,,,
SciVis,2010,10.1109/TVCG.2010.156,,,,,,,,,,
SciVis,2010,10.1109/TVCG.2010.157,,,,,,,,,,
SciVis,2010,10.1109/TVCG.2010.160,,,,,,,,,,
SciVis,2010,10.1109/TVCG.2010.166,,,,,,,,,,
SciVis,2010,10.1109/TVCG.2010.168,,,,,,,,,,
SciVis,2010,10.1109/TVCG.2010.169,,,,,,,,,,
SciVis,2010,10.1109/TVCG.2010.170,,,,,,,,,,
SciVis,2010,10.1109/TVCG.2010.171,,,,,,,,,,
SciVis,2010,10.1109/TVCG.2010.172,,,,,,,,,,
SciVis,2010,10.1109/TVCG.2010.173,,,,,,,,,,
SciVis,2010,10.1109/TVCG.2010.181,,,,,,,,,,
SciVis,2010,10.1109/TVCG.2010.182,,,,,,,,,,
SciVis,2010,10.1109/TVCG.2010.187,,,,,,,,,,
SciVis,2010,10.1109/TVCG.2010.189,,,,,,,,,,
SciVis,2010,10.1109/TVCG.2010.190,,,,,,,,,,
SciVis,2010,10.1109/TVCG.2010.192,,,,,,,,,,
SciVis,2010,10.1109/TVCG.2010.195,,,,,,,,,,
SciVis,2010,10.1109/TVCG.2010.196,,,,,,,,,,
SciVis,2010,10.1109/TVCG.2010.198,,,,,,,,,,
SciVis,2010,10.1109/TVCG.2010.199,,,,,,,,,,
SciVis,2010,10.1109/TVCG.2010.200,,,,,,,,,,
SciVis,2010,10.1109/TVCG.2010.202,,,,,,,,,,
SciVis,2010,10.1109/TVCG.2010.207,,,,,,,,,,
SciVis,2010,10.1109/TVCG.2010.208,,,,,,,,,,
SciVis,2010,10.1109/TVCG.2010.211,,,,,,,,,,
SciVis,2010,10.1109/TVCG.2010.212,,,,,,,,,,
SciVis,2010,10.1109/TVCG.2010.213,,,,,,,,,,
SciVis,2010,10.1109/TVCG.2010.214,,,,,,,,,,
SciVis,2010,10.1109/TVCG.2010.215,,,,,,,,,,
SciVis,2010,10.1109/TVCG.2010.218,,,,,,,,,,
SciVis,2010,10.1109/TVCG.2010.221,,,,,,,,,,
SciVis,2010,10.1109/TVCG.2010.223,,,,,,,,,,
InfoVis,2011,10.1109/TVCG.2011.160,,,,,,,,,,
InfoVis,2011,10.1109/TVCG.2011.163,,,,,,,,,,
InfoVis,2011,10.1109/TVCG.2011.166,,,,,,,,,,
InfoVis,2011,10.1109/TVCG.2011.167,,,,,,,,,,
InfoVis,2011,10.1109/TVCG.2011.169,,,,,,,,,,
InfoVis,2011,10.1109/TVCG.2011.174,,,,,,,,,,
InfoVis,2011,10.1109/TVCG.2011.175,,,,,,,,,,
InfoVis,2011,10.1109/TVCG.2011.176,,,,,,,,,,
InfoVis,2011,10.1109/TVCG.2011.178,,,,,,,,,,
InfoVis,2011,10.1109/TVCG.2011.179,,,,,,,,,,
InfoVis,2011,10.1109/TVCG.2011.181,,,,,,,,,,
InfoVis,2011,10.1109/TVCG.2011.183,,,,,,,,,,
InfoVis,2011,10.1109/TVCG.2011.185,,,,,,,,,,
InfoVis,2011,10.1109/TVCG.2011.186,,,,,,,,,,
InfoVis,2011,10.1109/TVCG.2011.187,,,,,,,,,,
InfoVis,2011,10.1109/TVCG.2011.188,,,,,,,,,,
InfoVis,2011,10.1109/TVCG.2011.190,,,,,,,,,,
InfoVis,2011,10.1109/TVCG.2011.191,,,,,,,,,,
InfoVis,2011,10.1109/TVCG.2011.192,,,,,,,,,,
InfoVis,2011,10.1109/TVCG.2011.193,,,,,,,,,,
InfoVis,2011,10.1109/TVCG.2011.195,,,,,,,,,,
InfoVis,2011,10.1109/TVCG.2011.196,,,,,,,,,,
InfoVis,2011,10.1109/TVCG.2011.197,,,,,,,,,,
InfoVis,2011,10.1109/TVCG.2011.201,,,,,,,,,,
InfoVis,2011,10.1109/TVCG.2011.202,,,,,,,,,,
InfoVis,2011,10.1109/TVCG.2011.205,,,,,,,,,,
InfoVis,2011,10.1109/TVCG.2011.209,,,,,,,,,,
InfoVis,2011,10.1109/TVCG.2011.212,,,,,,,,,,
InfoVis,2011,10.1109/TVCG.2011.213,,,,,,,,,,
InfoVis,2011,10.1109/TVCG.2011.220,,,,,,,,,,
InfoVis,2011,10.1109/TVCG.2011.223,,,,,,,,,,
InfoVis,2011,10.1109/TVCG.2011.226,,,,,,,,,,
InfoVis,2011,10.1109/TVCG.2011.227,,,,,,,,,,
InfoVis,2011,10.1109/TVCG.2011.229,,,,,,,,,,
InfoVis,2011,10.1109/TVCG.2011.232,,,,,,,,,,
InfoVis,2011,10.1109/TVCG.2011.233,,,,,,,,,,
InfoVis,2011,10.1109/TVCG.2011.234,,,,,,,,,,
InfoVis,2011,10.1109/TVCG.2011.237,,,,,,,,,,
InfoVis,2011,10.1109/TVCG.2011.239,,,,,,,,,,
InfoVis,2011,10.1109/TVCG.2011.247,,,,,,,,,,
InfoVis,2011,10.1109/TVCG.2011.250,,,,,,,,,,
InfoVis,2011,10.1109/TVCG.2011.251,,,,,,,,,,
InfoVis,2011,10.1109/TVCG.2011.253,,,,,,,,,,
InfoVis,2011,10.1109/TVCG.2011.255,,,,,,,,,,
VAST,2011,10.1109/VAST.2011.6102435,,,,,,,,,,
VAST,2011,10.1109/VAST.2011.6102437,,,,,,,,,,
VAST,2011,10.1109/VAST.2011.6102438,,,,,,,,,,
VAST,2011,10.1109/VAST.2011.6102439,,,,,,,,,,
VAST,2011,10.1109/VAST.2011.6102440,,,,,,,,,,
VAST,2011,10.1109/VAST.2011.6102441,,,,,,,,,,
VAST,2011,10.1109/VAST.2011.6102442,,,,,,,,,,
VAST,2011,10.1109/VAST.2011.6102443,,,,,,,,,,
VAST,2011,10.1109/VAST.2011.6102445,,,,,,,,,,
VAST,2011,10.1109/VAST.2011.6102446,,,,,,,,,,
VAST,2011,10.1109/VAST.2011.6102447,,,,,,,,,,
VAST,2011,10.1109/VAST.2011.6102448,,,,,,,,,,
VAST,2011,10.1109/VAST.2011.6102449,,,,,,,,,,
VAST,2011,10.1109/VAST.2011.6102450,,,,,,,,,,
VAST,2011,10.1109/VAST.2011.6102451,,,,,,,,,,
VAST,2011,10.1109/VAST.2011.6102453,,,,,,,,,,
VAST,2011,10.1109/VAST.2011.6102454,,,,,,,,,,
VAST,2011,10.1109/VAST.2011.6102455,,,,,,,,,,
VAST,2011,10.1109/VAST.2011.6102456,,,,,,,,,,
VAST,2011,10.1109/VAST.2011.6102457,,,,,,,,,,
VAST,2011,10.1109/VAST.2011.6102458,,,,,,,,,,
VAST,2011,10.1109/VAST.2011.6102459,,,,,,,,,,
VAST,2011,10.1109/VAST.2011.6102460,,,,,,,,,,
VAST,2011,10.1109/VAST.2011.6102461,,,,,,,,,,
VAST,2011,10.1109/VAST.2011.6102462,,,,,,,,,,
VAST,2011,10.1109/VAST.2011.6102463,,,,,,,,,,
SciVis,2011,10.1109/TVCG.2011.159,,,,,,,,,,
SciVis,2011,10.1109/TVCG.2011.161,,,,,,,,,,
SciVis,2011,10.1109/TVCG.2011.162,,,,,,,,,,
SciVis,2011,10.1109/TVCG.2011.164,,,,,,,,,,
SciVis,2011,10.1109/TVCG.2011.165,,,,,,,,,,
SciVis,2011,10.1109/TVCG.2011.168,,,,,,,,,,
SciVis,2011,10.1109/TVCG.2011.170,,,,,,,,,,
SciVis,2011,10.1109/TVCG.2011.171,,,,,,,,,,
SciVis,2011,10.1109/TVCG.2011.173,,,,,,,,,,
SciVis,2011,10.1109/TVCG.2011.177,,,,,,,,,,
SciVis,2011,10.1109/TVCG.2011.182,,,,,,,,,,
SciVis,2011,10.1109/TVCG.2011.184,,,,,,,,,,
SciVis,2011,10.1109/TVCG.2011.189,,,,,,,,,,
SciVis,2011,10.1109/TVCG.2011.194,,,,,,,,,,
SciVis,2011,10.1109/TVCG.2011.198,,,,,,,,,,
SciVis,2011,10.1109/TVCG.2011.199,,,,,,,,,,
SciVis,2011,10.1109/TVCG.2011.200,,,,,,,,,,
SciVis,2011,10.1109/TVCG.2011.203,,,,,,,,,,
SciVis,2011,10.1109/TVCG.2011.204,,,,,,,,,,
SciVis,2011,10.1109/TVCG.2011.206,,,,,,,,,,
SciVis,2011,10.1109/TVCG.2011.207,,,,,,,,,,
SciVis,2011,10.1109/TVCG.2011.208,,,,,,,,,,
SciVis,2011,10.1109/TVCG.2011.211,,,,,,,,,,
SciVis,2011,10.1109/TVCG.2011.214,,,,,,,,,,
SciVis,2011,10.1109/TVCG.2011.215,,,,,,,,,,
SciVis,2011,10.1109/TVCG.2011.216,,,,,,,,,,
SciVis,2011,10.1109/TVCG.2011.217,,,,,,,,,,
SciVis,2011,10.1109/TVCG.2011.218,,,,,,,,,,
SciVis,2011,10.1109/TVCG.2011.219,,,,,,,,,,
SciVis,2011,10.1109/TVCG.2011.224,,,,,,,,,,
SciVis,2011,10.1109/TVCG.2011.225,,,,,,,,,,
SciVis,2011,10.1109/TVCG.2011.228,,,,,,,,,,
SciVis,2011,10.1109/TVCG.2011.230,,,,,,,,,,
SciVis,2011,10.1109/TVCG.2011.231,,,,,,,,,,
SciVis,2011,10.1109/TVCG.2011.235,,,,,,,,,,
SciVis,2011,10.1109/TVCG.2011.236,,,,,,,,,,
SciVis,2011,10.1109/TVCG.2011.242,,,,,,,,,,
SciVis,2011,10.1109/TVCG.2011.243,,,,,,,,,,
SciVis,2011,10.1109/TVCG.2011.244,,,,,,,,,,
SciVis,2011,10.1109/TVCG.2011.245,,,,,,,,,,
SciVis,2011,10.1109/TVCG.2011.246,,,,,,,,,,
SciVis,2011,10.1109/TVCG.2011.248,,,,,,,,,,
SciVis,2011,10.1109/TVCG.2011.249,,,,,,,,,,
SciVis,2011,10.1109/TVCG.2011.252,,,,,,,,,,
SciVis,2011,10.1109/TVCG.2011.254,,,,,,,,,,
SciVis,2011,10.1109/TVCG.2011.258,,,,,,,,,,
SciVis,2011,10.1109/TVCG.2011.259,,,,,,,,,,
SciVis,2011,10.1109/TVCG.2011.260,,,,,,,,,,
SciVis,2011,10.1109/TVCG.2011.261,,,,,,,,,,
InfoVis,2012,10.1109/TVCG.2012.189,,,,,,,,,,
InfoVis,2012,10.1109/TVCG.2012.192,,,,,,,,,,
InfoVis,2012,10.1109/TVCG.2012.193,,,,,,,,,,
InfoVis,2012,10.1109/TVCG.2012.196,,,,,,,,,,
InfoVis,2012,10.1109/TVCG.2012.197,,,,,,,,,,
InfoVis,2012,10.1109/TVCG.2012.199,,,,,,,,,,
InfoVis,2012,10.1109/TVCG.2012.204,,,,,,,,,,
InfoVis,2012,10.1109/TVCG.2012.205,,,,,,,,,,
InfoVis,2012,10.1109/TVCG.2012.207,,,,,,,,,,
InfoVis,2012,10.1109/TVCG.2012.208,,,,,,,,,,
InfoVis,2012,10.1109/TVCG.2012.212,,,,,,,,,,
InfoVis,2012,10.1109/TVCG.2012.213,,,,,,,,,,
InfoVis,2012,10.1109/TVCG.2012.214,,,,,,,,,,
InfoVis,2012,10.1109/TVCG.2012.215,,,,,,,,,,
InfoVis,2012,10.1109/TVCG.2012.220,,,,,,,,,,
InfoVis,2012,10.1109/TVCG.2012.221,,,,,,,,,,
InfoVis,2012,10.1109/TVCG.2012.225,,,,,,,,,,
InfoVis,2012,10.1109/TVCG.2012.226,,,,,,,,,,
InfoVis,2012,10.1109/TVCG.2012.229,,,,,,,,,,
InfoVis,2012,10.1109/TVCG.2012.230,,,,,,,,,,
InfoVis,2012,10.1109/TVCG.2012.233,,,,,,,,,,
InfoVis,2012,10.1109/TVCG.2012.236,,,,,,,,,,
InfoVis,2012,10.1109/TVCG.2012.237,,,,,,,,,,
InfoVis,2012,10.1109/TVCG.2012.238,,,,,,,,,,
InfoVis,2012,10.1109/TVCG.2012.244,,,,,,,,,,
InfoVis,2012,10.1109/TVCG.2012.245,,,,,,,,,,
InfoVis,2012,10.1109/TVCG.2012.250,,,,,,,,,,
InfoVis,2012,10.1109/TVCG.2012.251,,,,,,,,,,
InfoVis,2012,10.1109/TVCG.2012.252,,,,,,,,,,
InfoVis,2012,10.1109/TVCG.2012.253,,,,,,,,,,
InfoVis,2012,10.1109/TVCG.2012.255,,,,,,,,,,
InfoVis,2012,10.1109/TVCG.2012.256,,,,,,,,,,
InfoVis,2012,10.1109/TVCG.2012.262,,,,,,,,,,
InfoVis,2012,10.1109/TVCG.2012.263,,,,,,,,,,
InfoVis,2012,10.1109/TVCG.2012.264,,,,,,,,,,
InfoVis,2012,10.1109/TVCG.2012.265,,,,,,,,,,
InfoVis,2012,10.1109/TVCG.2012.271,,,,,,,,,,
InfoVis,2012,10.1109/TVCG.2012.272,,,,,,,,,,
InfoVis,2012,10.1109/TVCG.2012.275,,,,,,,,,,
InfoVis,2012,10.1109/TVCG.2012.279,,,,,,,,,,
InfoVis,2012,10.1109/TVCG.2012.285,,,,,,,,,,
InfoVis,2012,10.1109/TVCG.2012.286,,,,,,,,,,
InfoVis,2012,10.1109/TVCG.2012.288,,,,,,,,,,
InfoVis,2012,10.1109/TVCG.2012.291,,,,,,,,,,
VAST,2012,10.1109/TVCG.2012.191,,,,,,,,,,
VAST,2012,10.1109/TVCG.2012.195,,,,,,,,,,
VAST,2012,10.1109/TVCG.2012.219,,,,,,,,,,
VAST,2012,10.1109/TVCG.2012.224,,,,,,,,,,
VAST,2012,10.1109/TVCG.2012.254,,,,,,,,,,
VAST,2012,10.1109/TVCG.2012.258,,,,,,,,,,
VAST,2012,10.1109/TVCG.2012.260,,,,,,,,,,
VAST,2012,10.1109/TVCG.2012.273,,,,,,,,,,
VAST,2012,10.1109/TVCG.2012.276,,,,,,,,,,
VAST,2012,10.1109/TVCG.2012.277,,,,,,,,,,
VAST,2012,10.1109/VAST.2012.6400484,,,,,,,,,,
VAST,2012,10.1109/VAST.2012.6400485,,,,,,,,,,
VAST,2012,10.1109/VAST.2012.6400486,,,,,,,,,,
VAST,2012,10.1109/VAST.2012.6400487,,,,,,,,,,
VAST,2012,10.1109/VAST.2012.6400488,,,,,,,,,,
VAST,2012,10.1109/VAST.2012.6400489,,,,,,,,,,
VAST,2012,10.1109/VAST.2012.6400490,,,,,,,,,,
VAST,2012,10.1109/VAST.2012.6400491,,,,,,,,,,
VAST,2012,10.1109/VAST.2012.6400492,,,,,,,,,,
VAST,2012,10.1109/VAST.2012.6400493,,,,,,,,,,
VAST,2012,10.1109/VAST.2012.6400494,,,,,,,,,,
VAST,2012,10.1109/VAST.2012.6400552,,,,,,,,,,
VAST,2012,10.1109/VAST.2012.6400553,,,,,,,,,,
VAST,2012,10.1109/VAST.2012.6400554,,,,,,,,,,
VAST,2012,10.1109/VAST.2012.6400555,,,,,,,,,,
VAST,2012,10.1109/VAST.2012.6400556,,,,,,,,,,
VAST,2012,10.1109/VAST.2012.6400557,,,,,,,,,,
VAST,2012,10.1109/VAST.2012.6400558,,,,,,,,,,
VAST,2012,10.1109/VAST.2012.6400559,,,,,,,,,,
VAST,2012,10.1109/VAST.2012.6400560,,,,,,,,,,
SciVis,2012,10.1109/TVCG.2012.186,,,,,,,,,,
SciVis,2012,10.1109/TVCG.2012.187,,,,,,,,,,
SciVis,2012,10.1109/TVCG.2012.188,,,,,,,,,,
SciVis,2012,10.1109/TVCG.2012.190,,,,,,,,,,
SciVis,2012,10.1109/TVCG.2012.194,,,,,,,,,,
SciVis,2012,10.1109/TVCG.2012.198,,,,,,,,,,
SciVis,2012,10.1109/TVCG.2012.200,,,,,,,,,,
SciVis,2012,10.1109/TVCG.2012.202,,,,,,,,,,
SciVis,2012,10.1109/TVCG.2012.203,,,,,,,,,,
SciVis,2012,10.1109/TVCG.2012.206,,,,,,,,,,
SciVis,2012,10.1109/TVCG.2012.209,,,,,,,,,,
SciVis,2012,10.1109/TVCG.2012.210,,,,,,,,,,
SciVis,2012,10.1109/TVCG.2012.211,,,,,,,,,,
SciVis,2012,10.1109/TVCG.2012.216,,,,,,,,,,
SciVis,2012,10.1109/TVCG.2012.217,,,,,,,,,,
SciVis,2012,10.1109/TVCG.2012.218,,,,,,,,,,
SciVis,2012,10.1109/TVCG.2012.222,,,,,,,,,,
SciVis,2012,10.1109/TVCG.2012.223,,,,,,,,,,
SciVis,2012,10.1109/TVCG.2012.227,,,,,,,,,,
SciVis,2012,10.1109/TVCG.2012.228,,,,,,,,,,
SciVis,2012,10.1109/TVCG.2012.231,,,,,,,,,,
SciVis,2012,10.1109/TVCG.2012.232,,,,,,,,,,
SciVis,2012,10.1109/TVCG.2012.234,,,,,,,,,,
SciVis,2012,10.1109/TVCG.2012.239,,,,,,,,,,
SciVis,2012,10.1109/TVCG.2012.240,,,,,,,,,,
SciVis,2012,10.1109/TVCG.2012.242,,,,,,,,,,
SciVis,2012,10.1109/TVCG.2012.243,,,,,,,,,,
SciVis,2012,10.1109/TVCG.2012.248,,,,,,,,,,
SciVis,2012,10.1109/TVCG.2012.249,,,,,,,,,,
SciVis,2012,10.1109/TVCG.2012.259,,,,,,,,,,
SciVis,2012,10.1109/TVCG.2012.261,,,,,,,,,,
SciVis,2012,10.1109/TVCG.2012.267,,,,,,,,,,
SciVis,2012,10.1109/TVCG.2012.269,,,,,,,,,,
SciVis,2012,10.1109/TVCG.2012.274,,,,,,,,,,
SciVis,2012,10.1109/TVCG.2012.278,,,,,,,,,,
SciVis,2012,10.1109/TVCG.2012.280,,,,,,,,,,
SciVis,2012,10.1109/TVCG.2012.281,,,,,,,,,,
SciVis,2012,10.1109/TVCG.2012.282,,,,,,,,,,
SciVis,2012,10.1109/TVCG.2012.283,,,,,,,,,,
SciVis,2012,10.1109/TVCG.2012.284,,,,,,,,,,
SciVis,2012,10.1109/TVCG.2012.287,,,,,,,,,,
SciVis,2012,10.1109/TVCG.2012.292,,,,,,,,,,
InfoVis,2013,10.1109/TVCG.2013.119,,,,,,,,,,
InfoVis,2013,10.1109/TVCG.2013.120,,,,,,,,,,
InfoVis,2013,10.1109/TVCG.2013.122,,,,,,,,,,
InfoVis,2013,10.1109/TVCG.2013.124,,,,,,,,,,
InfoVis,2013,10.1109/TVCG.2013.130,,,,,,,,,,
InfoVis,2013,10.1109/TVCG.2013.134,,,,,,,,,,
InfoVis,2013,10.1109/TVCG.2013.137,,,,,,,,,,
InfoVis,2013,10.1109/TVCG.2013.140,,,,,,,,,,
InfoVis,2013,10.1109/TVCG.2013.145,,,,,,,,,,
InfoVis,2013,10.1109/TVCG.2013.149,,,,,,,,,,
InfoVis,2013,10.1109/TVCG.2013.150,,,,,,,,,,
InfoVis,2013,10.1109/TVCG.2013.151,,,,,,,,,,
InfoVis,2013,10.1109/TVCG.2013.153,,,,,,,,,,
InfoVis,2013,10.1109/TVCG.2013.154,,,,,,,,,,
InfoVis,2013,10.1109/TVCG.2013.155,,,,,,,,,,
InfoVis,2013,10.1109/TVCG.2013.160,,,,,,,,,,
InfoVis,2013,10.1109/TVCG.2013.163,,,,,,,,,,
InfoVis,2013,10.1109/TVCG.2013.166,,,,,,,,,,
InfoVis,2013,10.1109/TVCG.2013.170,,,,,,,,,,
InfoVis,2013,10.1109/TVCG.2013.173,,,,,,,,,,
InfoVis,2013,10.1109/TVCG.2013.179,,,,,,,,,,
InfoVis,2013,10.1109/TVCG.2013.182,,,,,,,,,,
InfoVis,2013,10.1109/TVCG.2013.183,,,,,,,,,,
InfoVis,2013,10.1109/TVCG.2013.184,,,,,,,,,,
InfoVis,2013,10.1109/TVCG.2013.187,,,,,,,,,,
InfoVis,2013,10.1109/TVCG.2013.191,,,,,,,,,,
InfoVis,2013,10.1109/TVCG.2013.192,,,,,,,,,,
InfoVis,2013,10.1109/TVCG.2013.196,,,,,,,,,,
InfoVis,2013,10.1109/TVCG.2013.209,,,,,,,,,,
InfoVis,2013,10.1109/TVCG.2013.210,,,,,,,,,,
InfoVis,2013,10.1109/TVCG.2013.214,,,,,,,,,,
InfoVis,2013,10.1109/TVCG.2013.225,,,,,,,,,,
InfoVis,2013,10.1109/TVCG.2013.227,,,,,,,,,,
InfoVis,2013,10.1109/TVCG.2013.230,,,,,,,,,,
InfoVis,2013,10.1109/TVCG.2013.231,,,,,,,,,,
InfoVis,2013,10.1109/TVCG.2013.232,,,,,,,,,,
InfoVis,2013,10.1109/TVCG.2013.233,,,,,,,,,,
InfoVis,2013,10.1109/TVCG.2013.234,,,,,,,,,,
SciVis,2013,10.1109/TVCG.2013.121,,,,,,,,,,
SciVis,2013,10.1109/TVCG.2013.123,,,,,,,,,,
SciVis,2013,10.1109/TVCG.2013.126,,,,,,,,,,
SciVis,2013,10.1109/TVCG.2013.127,,,,,,,,,,
SciVis,2013,10.1109/TVCG.2013.128,,,,,,,,,,
SciVis,2013,10.1109/TVCG.2013.129,,,,,,,,,,
SciVis,2013,10.1109/TVCG.2013.131,,,,,,,,,,
SciVis,2013,10.1109/TVCG.2013.133,,,,,,,,,,
SciVis,2013,10.1109/TVCG.2013.135,,,,,,,,,,
SciVis,2013,10.1109/TVCG.2013.138,,,,,,,,,,
SciVis,2013,10.1109/TVCG.2013.139,,,,,,,,,,
SciVis,2013,10.1109/TVCG.2013.141,,,,,,,,,,
SciVis,2013,10.1109/TVCG.2013.142,,,,,,,,,,
SciVis,2013,10.1109/TVCG.2013.143,,,,,,,,,,
SciVis,2013,10.1109/TVCG.2013.144,,,,,,,,,,
SciVis,2013,10.1109/TVCG.2013.147,,,,,,,,,,
SciVis,2013,10.1109/TVCG.2013.148,,,,,,,,,,
SciVis,2013,10.1109/TVCG.2013.152,,,,,,,,,,
SciVis,2013,10.1109/TVCG.2013.156,,,,,,,,,,
SciVis,2013,10.1109/TVCG.2013.158,,,,,,,,,,
SciVis,2013,10.1109/TVCG.2013.159,,,,,,,,,,
SciVis,2013,10.1109/TVCG.2013.161,,,,,,,,,,
SciVis,2013,10.1109/TVCG.2013.169,,,,,,,,,,
SciVis,2013,10.1109/TVCG.2013.172,,,,,,,,,,
SciVis,2013,10.1109/TVCG.2013.174,,,,,,,,,,
SciVis,2013,10.1109/TVCG.2013.177,,,,,,,,,,
SciVis,2013,10.1109/TVCG.2013.180,,,,,,,,,,
SciVis,2013,10.1109/TVCG.2013.189,,,,,,,,,,
SciVis,2013,10.1109/TVCG.2013.208,,,,,,,,,,
SciVis,2013,10.1109/TVCG.2013.215,,,,,,,,,,
SciVis,2013,10.1109/TVCG.2013.229,,,,,,,,,,
VAST,2013,10.1109/TVCG.2013.125,,,,,,,,,,
VAST,2013,10.1109/TVCG.2013.132,,,,,,,,,,
VAST,2013,10.1109/TVCG.2013.146,,,,,,,,,,
VAST,2013,10.1109/TVCG.2013.157,,,,,,,,,,
VAST,2013,10.1109/TVCG.2013.162,,,,,,,,,,
VAST,2013,10.1109/TVCG.2013.164,,,,,,,,,,
VAST,2013,10.1109/TVCG.2013.167,,,,,,,,,,
VAST,2013,10.1109/TVCG.2013.168,,,,,,,,,,
VAST,2013,10.1109/TVCG.2013.178,,,,,,,,,,
VAST,2013,10.1109/TVCG.2013.181,,,,,,,,,,
VAST,2013,10.1109/TVCG.2013.186,,,,,,,,,,
VAST,2013,10.1109/TVCG.2013.188,,,,,,,,,,
VAST,2013,10.1109/TVCG.2013.190,,,,,,,,,,
VAST,2013,10.1109/TVCG.2013.193,,,,,,,,,,
VAST,2013,10.1109/TVCG.2013.194,,,,,,,,,,
VAST,2013,10.1109/TVCG.2013.197,,,,,,,,,,
VAST,2013,10.1109/TVCG.2013.198,,,,,,,,,,
VAST,2013,10.1109/TVCG.2013.200,,,,,,,,,,
VAST,2013,10.1109/TVCG.2013.205,,,,,,,,,,
VAST,2013,10.1109/TVCG.2013.206,,,,,,,,,,
VAST,2013,10.1109/TVCG.2013.207,,,,,,,,,,
VAST,2013,10.1109/TVCG.2013.211,,,,,,,,,,
VAST,2013,10.1109/TVCG.2013.212,,,,,,,,,,
VAST,2013,10.1109/TVCG.2013.213,,,,,,,,,,
VAST,2013,10.1109/TVCG.2013.219,,,,,,,,,,
VAST,2013,10.1109/TVCG.2013.220,,,,,,,,,,
VAST,2013,10.1109/TVCG.2013.221,,,,,,,,,,
VAST,2013,10.1109/TVCG.2013.222,,,,,,,,,,
VAST,2013,10.1109/TVCG.2013.223,,,,,,,,,,
VAST,2013,10.1109/TVCG.2013.224,,,,,,,,,,
VAST,2013,10.1109/TVCG.2013.226,,,,,,,,,,
VAST,2013,10.1109/TVCG.2013.228,,,,,,,,,,
InfoVis,2014,10.1109/TVCG.2014.2346248,,,,,,,,,,
InfoVis,2014,10.1109/TVCG.2014.2346249,,,,,,,,,,
InfoVis,2014,10.1109/TVCG.2014.2346250,,,,,,,,,,
InfoVis,2014,10.1109/TVCG.2014.2346258,,,,,,,,,,
InfoVis,2014,10.1109/TVCG.2014.2346260,,,,,,,,,,
InfoVis,2014,10.1109/TVCG.2014.2346265,,,,,,,,,,
InfoVis,2014,10.1109/TVCG.2014.2346271,,,,,,,,,,
InfoVis,2014,10.1109/TVCG.2014.2346274,,,,,,,,,,
InfoVis,2014,10.1109/TVCG.2014.2346276,,,,,,,,,,
InfoVis,2014,10.1109/TVCG.2014.2346277,,,,,,,,,,
InfoVis,2014,10.1109/TVCG.2014.2346279,,,,,,,,,,
InfoVis,2014,10.1109/TVCG.2014.2346291,,,,,,,,,,
InfoVis,2014,10.1109/TVCG.2014.2346292,,,,,,,,,,
InfoVis,2014,10.1109/TVCG.2014.2346293,,,,,,,,,,
InfoVis,2014,10.1109/TVCG.2014.2346297,,,,,,,,,,
InfoVis,2014,10.1109/TVCG.2014.2346298,,,,,,,,,,
InfoVis,2014,10.1109/TVCG.2014.2346311,,,,,,,,,,
InfoVis,2014,10.1109/TVCG.2014.2346312,,,,,,,,,,
InfoVis,2014,10.1109/TVCG.2014.2346320,,,,,,,,,,
InfoVis,2014,10.1109/TVCG.2014.2346321,,,,,,,,,,
InfoVis,2014,10.1109/TVCG.2014.2346323,,,,,,,,,,
InfoVis,2014,10.1109/TVCG.2014.2346325,,,,,,,,,,
InfoVis,2014,10.1109/TVCG.2014.2346331,,,,,,,,,,
InfoVis,2014,10.1109/TVCG.2014.2346419,,,,,,,,,,
InfoVis,2014,10.1109/TVCG.2014.2346420,,,,,,,,,,
InfoVis,2014,10.1109/TVCG.2014.2346422,,,,,,,,,,
InfoVis,2014,10.1109/TVCG.2014.2346424,,,,,,,,,,
InfoVis,2014,10.1109/TVCG.2014.2346426,,,,,,,,,,
InfoVis,2014,10.1109/TVCG.2014.2346428,,,,,,,,,,
InfoVis,2014,10.1109/TVCG.2014.2346431,,,,,,,,,,
InfoVis,2014,10.1109/TVCG.2014.2346433,,,,,,,,,,
InfoVis,2014,10.1109/TVCG.2014.2346435,,,,,,,,,,
InfoVis,2014,10.1109/TVCG.2014.2346437,,,,,,,,,,
InfoVis,2014,10.1109/TVCG.2014.2346441,,,,,,,,,,
InfoVis,2014,10.1109/TVCG.2014.2346444,,,,,,,,,,
InfoVis,2014,10.1109/TVCG.2014.2346445,,,,,,,,,,
InfoVis,2014,10.1109/TVCG.2014.2346452,,,,,,,,,,
InfoVis,2014,10.1109/TVCG.2014.2346454,,,,,,,,,,
InfoVis,2014,10.1109/TVCG.2014.2346456,,,,,,,,,,
InfoVis,2014,10.1109/TVCG.2014.2346978,,,,,,,,,,
InfoVis,2014,10.1109/TVCG.2014.2346979,,,,,,,,,,
InfoVis,2014,10.1109/TVCG.2014.2346983,,,,,,,,,,
InfoVis,2014,10.1109/TVCG.2014.2346984,,,,,,,,,,
InfoVis,2014,10.1109/TVCG.2014.2346998,,,,,,,,,,
InfoVis,2014,10.1109/TVCG.2014.2352953,,,,,,,,,,
SciVis,2014,10.1109/TVCG.2014.2346317,,,,,,,,,,
SciVis,2014,10.1109/TVCG.2014.2346318,,,,,,,,,,
SciVis,2014,10.1109/TVCG.2014.2346319,,,,,,,,,,
SciVis,2014,10.1109/TVCG.2014.2346322,,,,,,,,,,
SciVis,2014,10.1109/TVCG.2014.2346324,,,,,,,,,,
SciVis,2014,10.1109/TVCG.2014.2346332,,,,,,,,,,
SciVis,2014,10.1109/TVCG.2014.2346333,,,,,,,,,,
SciVis,2014,10.1109/TVCG.2014.2346351,,,,,,,,,,
SciVis,2014,10.1109/TVCG.2014.2346352,,,,,,,,,,
SciVis,2014,10.1109/TVCG.2014.2346371,,,,,,,,,,
SciVis,2014,10.1109/TVCG.2014.2346403,,,,,,,,,,
SciVis,2014,10.1109/TVCG.2014.2346404,,,,,,,,,,
SciVis,2014,10.1109/TVCG.2014.2346405,,,,,,,,,,
SciVis,2014,10.1109/TVCG.2014.2346406,,,,,,,,,,
SciVis,2014,10.1109/TVCG.2014.2346411,,,,,,,,,,
SciVis,2014,10.1109/TVCG.2014.2346412,,,,,,,,,,
SciVis,2014,10.1109/TVCG.2014.2346415,,,,,,,,,,
SciVis,2014,10.1109/TVCG.2014.2346416,,,,,,,,,,
SciVis,2014,10.1109/TVCG.2014.2346418,,,,,,,,,,
SciVis,2014,10.1109/TVCG.2014.2346423,,,,,,,,,,
SciVis,2014,10.1109/TVCG.2014.2346425,,,,,,,,,,
SciVis,2014,10.1109/TVCG.2014.2346432,,,,,,,,,,
SciVis,2014,10.1109/TVCG.2014.2346434,,,,,,,,,,
SciVis,2014,10.1109/TVCG.2014.2346442,,,,,,,,,,
SciVis,2014,10.1109/TVCG.2014.2346446,,,,,,,,,,
SciVis,2014,10.1109/TVCG.2014.2346447,,,,,,,,,,
SciVis,2014,10.1109/TVCG.2014.2346448,,,,,,,,,,
SciVis,2014,10.1109/TVCG.2014.2346449,,,,,,,,,,
SciVis,2014,10.1109/TVCG.2014.2346451,,,,,,,,,,
SciVis,2014,10.1109/TVCG.2014.2346455,,,,,,,,,,
SciVis,2014,10.1109/TVCG.2014.2346457,,,,,,,,,,
SciVis,2014,10.1109/TVCG.2014.2346458,,,,,,,,,,
SciVis,2014,10.1109/TVCG.2014.2346459,,,,,,,,,,
SciVis,2014,10.1109/TVCG.2014.2352952,,,,,,,,,,
VAST,2014,10.1109/TVCG.2014.2346481,,,,,,,,,,
VAST,2014,10.1109/TVCG.2014.2346482,,,,,,,,,,
VAST,2014,10.1109/TVCG.2014.2346572,,,,,,,,,,
VAST,2014,10.1109/TVCG.2014.2346573,,,,,,,,,,
VAST,2014,10.1109/TVCG.2014.2346574,,,,,,,,,,
VAST,2014,10.1109/TVCG.2014.2346575,,,,,,,,,,
VAST,2014,10.1109/TVCG.2014.2346578,,,,,,,,,,
VAST,2014,10.1109/TVCG.2014.2346591,,,,,,,,,,
VAST,2014,10.1109/TVCG.2014.2346594,,,,,,,,,,
VAST,2014,10.1109/TVCG.2014.2346626,,,,,,,,,,
VAST,2014,10.1109/TVCG.2014.2346660,,,,,,,,,,
VAST,2014,10.1109/TVCG.2014.2346665,,,,,,,,,,
VAST,2014,10.1109/TVCG.2014.2346677,,,,,,,,,,
VAST,2014,10.1109/TVCG.2014.2346682,,,,,,,,,,
VAST,2014,10.1109/TVCG.2014.2346743,,,,,,,,,,
VAST,2014,10.1109/TVCG.2014.2346744,,,,,,,,,,
VAST,2014,10.1109/TVCG.2014.2346746,,,,,,,,,,
VAST,2014,10.1109/TVCG.2014.2346747,,,,,,,,,,
VAST,2014,10.1109/TVCG.2014.2346751,,,,,,,,,,
VAST,2014,10.1109/TVCG.2014.2346752,,,,,,,,,,
VAST,2014,10.1109/TVCG.2014.2346753,,,,,,,,,,
VAST,2014,10.1109/TVCG.2014.2346754,,,,,,,,,,
VAST,2014,10.1109/TVCG.2014.2346755,,,,,,,,,,
VAST,2014,10.1109/TVCG.2014.2346893,,,,,,,,,,
VAST,2014,10.1109/TVCG.2014.2346898,,,,,,,,,,
VAST,2014,10.1109/TVCG.2014.2346911,,,,,,,,,,
VAST,2014,10.1109/TVCG.2014.2346912,,,,,,,,,,
VAST,2014,10.1109/TVCG.2014.2346913,,,,,,,,,,
VAST,2014,10.1109/TVCG.2014.2346919,,,,,,,,,,
VAST,2014,10.1109/TVCG.2014.2346920,,,,,,,,,,
VAST,2014,10.1109/TVCG.2014.2346922,,,,,,,,,,
VAST,2014,10.1109/TVCG.2014.2346926,,,,,,,,,,
VAST,2014,10.1109/TVCG.2014.2346930,,,,,,,,,,
VAST,2014,10.1109/VAST.2014.7042476,,,,,,,,,,
VAST,2014,10.1109/VAST.2014.7042477,,,,,,,,,,
VAST,2014,10.1109/VAST.2014.7042478,,,,,,,,,,
VAST,2014,10.1109/VAST.2014.7042479,,,,,,,,,,
VAST,2014,10.1109/VAST.2014.7042480,,,,,,,,,,
VAST,2014,10.1109/VAST.2014.7042481,,,,,,,,,,
VAST,2014,10.1109/VAST.2014.7042482,,,,,,,,,,
VAST,2014,10.1109/VAST.2014.7042483,,,,,,,,,,
VAST,2014,10.1109/VAST.2014.7042484,,,,,,,,,,
VAST,2014,10.1109/VAST.2014.7042485,,,,,,,,,,
VAST,2014,10.1109/VAST.2014.7042486,,,,,,,,,,
VAST,2014,10.1109/VAST.2014.7042487,,,,,,,,,,
VAST,2014,10.1109/VAST.2014.7042488,,,,,,,,,,
VAST,2014,10.1109/VAST.2014.7042489,,,,,,,,,,
VAST,2014,10.1109/VAST.2014.7042490,,,,,,,,,,
VAST,2014,10.1109/VAST.2014.7042491,,,,,,,,,,
VAST,2014,10.1109/VAST.2014.7042492,,,,,,,,,,
VAST,2014,10.1109/VAST.2014.7042493,,,,,,,,,,
VAST,2014,10.1109/VAST.2014.7042494,,,,,,,,,,
VAST,2014,10.1109/VAST.2014.7042495,,,,,,,,,,
VAST,2014,10.1109/VAST.2014.7042496,,,,,,,,,,
SciVis,2015,10.1109/SciVis.2015.7429485,,,,,,,,,,
SciVis,2015,10.1109/SciVis.2015.7429486,,,,,,,,,,
SciVis,2015,10.1109/SciVis.2015.7429487,,,,,,,,,,
SciVis,2015,10.1109/SciVis.2015.7429488,,,,,,,,,,
SciVis,2015,10.1109/SciVis.2015.7429489,,,,,,,,,,
SciVis,2015,10.1109/SciVis.2015.7429490,,,,,,,,,,
SciVis,2015,10.1109/SciVis.2015.7429491,,,,,,,,,,
SciVis,2015,10.1109/SciVis.2015.7429492,,,,,,,,,,
SciVis,2015,10.1109/SciVis.2015.7429493,,,,,,,,,,
InfoVis,2015,10.1109/TVCG.2015.2466971,,,,,,,,,,
InfoVis,2015,10.1109/TVCG.2015.2466992,,,,,,,,,,
InfoVis,2015,10.1109/TVCG.2015.2467035,,,,,,,,,,
InfoVis,2015,10.1109/TVCG.2015.2467051,,,,,,,,,,
InfoVis,2015,10.1109/TVCG.2015.2467091,,,,,,,,,,
InfoVis,2015,10.1109/TVCG.2015.2467112,,,,,,,,,,
InfoVis,2015,10.1109/TVCG.2015.2467132,,,,,,,,,,
InfoVis,2015,10.1109/TVCG.2015.2467191,,,,,,,,,,
InfoVis,2015,10.1109/TVCG.2015.2467195,,,,,,,,,,
InfoVis,2015,10.1109/TVCG.2015.2467199,,,,,,,,,,
InfoVis,2015,10.1109/TVCG.2015.2467201,,,,,,,,,,
InfoVis,2015,10.1109/TVCG.2015.2467251,,,,,,,,,,
InfoVis,2015,10.1109/TVCG.2015.2467271,,,,,,,,,,
InfoVis,2015,10.1109/TVCG.2015.2467321,,,,,,,,,,
InfoVis,2015,10.1109/TVCG.2015.2467322,,,,,,,,,,
InfoVis,2015,10.1109/TVCG.2015.2467323,,,,,,,,,,
InfoVis,2015,10.1109/TVCG.2015.2467324,,,,,,,,,,
InfoVis,2015,10.1109/TVCG.2015.2467325,,,,,,,,,,
InfoVis,2015,10.1109/TVCG.2015.2467451,,,,,,,,,,
InfoVis,2015,10.1109/TVCG.2015.2467452,,,,,,,,,,
InfoVis,2015,10.1109/TVCG.2015.2467471,,,,,,,,,,
InfoVis,2015,10.1109/TVCG.2015.2467671,,,,,,,,,,
InfoVis,2015,10.1109/TVCG.2015.2467691,,,,,,,,,,
InfoVis,2015,10.1109/TVCG.2015.2467717,,,,,,,,,,
InfoVis,2015,10.1109/TVCG.2015.2467732,,,,,,,,,,
InfoVis,2015,10.1109/TVCG.2015.2467751,,,,,,,,,,
InfoVis,2015,10.1109/TVCG.2015.2467752,,,,,,,,,,
InfoVis,2015,10.1109/TVCG.2015.2467754,,,,,,,,,,
InfoVis,2015,10.1109/TVCG.2015.2467758,,,,,,,,,,
InfoVis,2015,10.1109/TVCG.2015.2467759,,,,,,,,,,
InfoVis,2015,10.1109/TVCG.2015.2467811,,,,,,,,,,
InfoVis,2015,10.1109/TVCG.2015.2467831,,,,,,,,,,
InfoVis,2015,10.1109/TVCG.2015.2467851,,,,,,,,,,
InfoVis,2015,10.1109/TVCG.2015.2467872,,,,,,,,,,
InfoVis,2015,10.1109/TVCG.2015.2467911,,,,,,,,,,
InfoVis,2015,10.1109/TVCG.2015.2467951,,,,,,,,,,
InfoVis,2015,10.1109/TVCG.2015.2467992,,,,,,,,,,
InfoVis,2015,10.1109/TVCG.2015.2469125,,,,,,,,,,
SciVis,2015,10.1109/TVCG.2015.2466838,,,,,,,,,,
SciVis,2015,10.1109/TVCG.2015.2467031,,,,,,,,,,
SciVis,2015,10.1109/TVCG.2015.2467153,,,,,,,,,,
SciVis,2015,10.1109/TVCG.2015.2467194,,,,,,,,,,
SciVis,2015,10.1109/TVCG.2015.2467198,,,,,,,,,,
SciVis,2015,10.1109/TVCG.2015.2467200,,,,,,,,,,
SciVis,2015,10.1109/TVCG.2015.2467202,,,,,,,,,,
SciVis,2015,10.1109/TVCG.2015.2467203,,,,,,,,,,
SciVis,2015,10.1109/TVCG.2015.2467204,,,,,,,,,,
SciVis,2015,10.1109/TVCG.2015.2467291,,,,,,,,,,
SciVis,2015,10.1109/TVCG.2015.2467292,,,,,,,,,,
SciVis,2015,10.1109/TVCG.2015.2467293,,,,,,,,,,
SciVis,2015,10.1109/TVCG.2015.2467294,,,,,,,,,,
SciVis,2015,10.1109/TVCG.2015.2467331,,,,,,,,,,
SciVis,2015,10.1109/TVCG.2015.2467411,,,,,,,,,,
SciVis,2015,10.1109/TVCG.2015.2467412,,,,,,,,,,
SciVis,2015,10.1109/TVCG.2015.2467413,,,,,,,,,,
SciVis,2015,10.1109/TVCG.2015.2467431,,,,,,,,,,
SciVis,2015,10.1109/TVCG.2015.2467432,,,,,,,,,,
SciVis,2015,10.1109/TVCG.2015.2467433,,,,,,,,,,
SciVis,2015,10.1109/TVCG.2015.2467434,,,,,,,,,,
SciVis,2015,10.1109/TVCG.2015.2467435,,,,,,,,,,
SciVis,2015,10.1109/TVCG.2015.2467436,,,,,,,,,,
SciVis,2015,10.1109/TVCG.2015.2467441,,,,,,,,,,
SciVis,2015,10.1109/TVCG.2015.2467449,,,,,,,,,,
SciVis,2015,10.1109/TVCG.2015.2467952,,,,,,,,,,
SciVis,2015,10.1109/TVCG.2015.2467958,,,,,,,,,,
SciVis,2015,10.1109/TVCG.2015.2467961,,,,,,,,,,
SciVis,2015,10.1109/TVCG.2015.2467962,,,,,,,,,,
SciVis,2015,10.1109/TVCG.2015.2467963,,,,,,,,,,
SciVis,2015,10.1109/TVCG.2015.2468031,,,,,,,,,,
SciVis,2015,10.1109/TVCG.2015.2468091,,,,,,,,,,
SciVis,2015,10.1109/TVCG.2015.2468093,,,,,,,,,,
VAST,2015,10.1109/TVCG.2015.2467196,,,,,,,,,,
VAST,2015,10.1109/TVCG.2015.2467531,,,,,,,,,,
VAST,2015,10.1109/TVCG.2015.2467551,,,,,,,,,,
VAST,2015,10.1109/TVCG.2015.2467552,,,,,,,,,,
VAST,2015,10.1109/TVCG.2015.2467553,,,,,,,,,,
VAST,2015,10.1109/TVCG.2015.2467554,,,,,,,,,,
VAST,2015,10.1109/TVCG.2015.2467555,,,,,,,,,,
VAST,2015,10.1109/TVCG.2015.2467591,,,,,,,,,,
VAST,2015,10.1109/TVCG.2015.2467592,,,,,,,,,,
VAST,2015,10.1109/TVCG.2015.2467611,,,,,,,,,,
VAST,2015,10.1109/TVCG.2015.2467612,,,,,,,,,,
VAST,2015,10.1109/TVCG.2015.2467613,,,,,,,,,,
VAST,2015,10.1109/TVCG.2015.2467615,,,,,,,,,,
VAST,2015,10.1109/TVCG.2015.2467618,,,,,,,,,,
VAST,2015,10.1109/TVCG.2015.2467619,,,,,,,,,,
VAST,2015,10.1109/TVCG.2015.2467620,,,,,,,,,,
VAST,2015,10.1109/TVCG.2015.2467621,,,,,,,,,,
VAST,2015,10.1109/TVCG.2015.2467622,,,,,,,,,,
VAST,2015,10.1109/TVCG.2015.2467733,,,,,,,,,,
VAST,2015,10.1109/TVCG.2015.2467757,,,,,,,,,,
VAST,2015,10.1109/TVCG.2015.2467771,,,,,,,,,,
VAST,2015,10.1109/TVCG.2015.2467813,,,,,,,,,,
VAST,2015,10.1109/TVCG.2015.2467871,,,,,,,,,,
VAST,2015,10.1109/TVCG.2015.2467931,,,,,,,,,,
VAST,2015,10.1109/TVCG.2015.2467954,,,,,,,,,,
VAST,2015,10.1109/TVCG.2015.2467971,,,,,,,,,,
VAST,2015,10.1109/TVCG.2015.2467991,,,,,,,,,,
VAST,2015,10.1109/TVCG.2015.2468011,,,,,,,,,,
VAST,2015,10.1109/TVCG.2015.2468078,,,,,,,,,,
VAST,2015,10.1109/TVCG.2015.2468111,,,,,,,,,,
VAST,2015,10.1109/TVCG.2015.2468151,,,,,,,,,,
VAST,2015,10.1109/TVCG.2015.2468291,,,,,,,,,,
VAST,2015,10.1109/TVCG.2015.2468292,,,,,,,,,,
VAST,2015,10.1109/VAST.2015.7347624,,,,,,,,,,
VAST,2015,10.1109/VAST.2015.7347625,,,,,,,,,,
VAST,2015,10.1109/VAST.2015.7347626,,,,,,,,,,
VAST,2015,10.1109/VAST.2015.7347627,,,,,,,,,,
VAST,2015,10.1109/VAST.2015.7347628,,,,,,,,,,
VAST,2015,10.1109/VAST.2015.7347629,,,,,,,,,,
VAST,2015,10.1109/VAST.2015.7347630,,,,,,,,,,
VAST,2015,10.1109/VAST.2015.7347631,,,,,,,,,,
VAST,2015,10.1109/VAST.2015.7347632,,,,,,,,,,
VAST,2015,10.1109/VAST.2015.7347633,,,,,,,,,,
VAST,2015,10.1109/VAST.2015.7347634,,,,,,,,,,
VAST,2015,10.1109/VAST.2015.7347635,,,,,,,,,,
VAST,2015,10.1109/VAST.2015.7347636,,,,,,,,,,
VAST,2015,10.1109/VAST.2015.7347637,,,,,,,,,,
InfoVis,2016,10.1109/TVCG.2016.2598496,,,,,,,,,,
InfoVis,2016,10.1109/TVCG.2016.2598498,,,,,,,,,,
InfoVis,2016,10.1109/TVCG.2016.2598518,,,,,,,,,,
InfoVis,2016,10.1109/TVCG.2016.2598541,,,,,,,,,,
InfoVis,2016,10.1109/TVCG.2016.2598542,,,,,,,,,,
InfoVis,2016,10.1109/TVCG.2016.2598586,,,,,,,,,,
InfoVis,2016,10.1109/TVCG.2016.2598587,,,,,,,,,,
InfoVis,2016,10.1109/TVCG.2016.2598588,,,,,,,,,,
InfoVis,2016,10.1109/TVCG.2016.2598589,,,,,,,,,,
InfoVis,2016,10.1109/TVCG.2016.2598590,,,,,,,,,,
InfoVis,2016,10.1109/TVCG.2016.2598591,,,,,,,,,,
InfoVis,2016,10.1109/TVCG.2016.2598592,,,,,,,,,,
InfoVis,2016,10.1109/TVCG.2016.2598594,,,,,,,,,,
InfoVis,2016,10.1109/TVCG.2016.2598608,,,,,,,,,,
InfoVis,2016,10.1109/TVCG.2016.2598609,,,,,,,,,,
InfoVis,2016,10.1109/TVCG.2016.2598618,,,,,,,,,,
InfoVis,2016,10.1109/TVCG.2016.2598619,,,,,,,,,,
InfoVis,2016,10.1109/TVCG.2016.2598620,,,,,,,,,,
InfoVis,2016,10.1109/TVCG.2016.2598624,,,,,,,,,,
InfoVis,2016,10.1109/TVCG.2016.2598647,,,,,,,,,,
InfoVis,2016,10.1109/TVCG.2016.2598667,,,,,,,,,,
InfoVis,2016,10.1109/TVCG.2016.2598694,,,,,,,,,,
InfoVis,2016,10.1109/TVCG.2016.2598839,,,,,,,,,,
InfoVis,2016,10.1109/TVCG.2016.2598862,,,,,,,,,,
InfoVis,2016,10.1109/TVCG.2016.2598867,,,,,,,,,,
InfoVis,2016,10.1109/TVCG.2016.2598876,,,,,,,,,,
InfoVis,2016,10.1109/TVCG.2016.2598885,,,,,,,,,,
InfoVis,2016,10.1109/TVCG.2016.2598898,,,,,,,,,,
InfoVis,2016,10.1109/TVCG.2016.2598918,,,,,,,,,,
InfoVis,2016,10.1109/TVCG.2016.2598919,,,,,,,,,,
InfoVis,2016,10.1109/TVCG.2016.2598920,,,,,,,,,,
InfoVis,2016,10.1109/TVCG.2016.2598958,,,,,,,,,,
InfoVis,2016,10.1109/TVCG.2016.2599030,,,,,,,,,,
InfoVis,2016,10.1109/TVCG.2016.2599058,,,,,,,,,,
InfoVis,2016,10.1109/TVCG.2016.2599106,,,,,,,,,,
InfoVis,2016,10.1109/TVCG.2016.2599107,,,,,,,,,,
InfoVis,2016,10.1109/TVCG.2016.2599338,,,,,,,,,,
SciVis,2016,10.1109/TVCG.2016.2598430,,,,,,,,,,
SciVis,2016,10.1109/TVCG.2016.2598448,,,,,,,,,,
SciVis,2016,10.1109/TVCG.2016.2598585,,,,,,,,,,
SciVis,2016,10.1109/TVCG.2016.2598602,,,,,,,,,,
SciVis,2016,10.1109/TVCG.2016.2598603,,,,,,,,,,
SciVis,2016,10.1109/TVCG.2016.2598604,,,,,,,,,,
SciVis,2016,10.1109/TVCG.2016.2598789,,,,,,,,,,
SciVis,2016,10.1109/TVCG.2016.2598790,,,,,,,,,,
SciVis,2016,10.1109/TVCG.2016.2598791,,,,,,,,,,
SciVis,2016,10.1109/TVCG.2016.2598795,,,,,,,,,,
SciVis,2016,10.1109/TVCG.2016.2598824,,,,,,,,,,
SciVis,2016,10.1109/TVCG.2016.2598825,,,,,,,,,,
SciVis,2016,10.1109/TVCG.2016.2598826,,,,,,,,,,
SciVis,2016,10.1109/TVCG.2016.2598827,,,,,,,,,,
SciVis,2016,10.1109/TVCG.2016.2598866,,,,,,,,,,
SciVis,2016,10.1109/TVCG.2016.2598868,,,,,,,,,,
SciVis,2016,10.1109/TVCG.2016.2598869,,,,,,,,,,
SciVis,2016,10.1109/TVCG.2016.2598870,,,,,,,,,,
SciVis,2016,10.1109/TVCG.2016.2598998,,,,,,,,,,
SciVis,2016,10.1109/TVCG.2016.2599016,,,,,,,,,,
SciVis,2016,10.1109/TVCG.2016.2599017,,,,,,,,,,
SciVis,2016,10.1109/TVCG.2016.2599018,,,,,,,,,,
SciVis,2016,10.1109/TVCG.2016.2599040,,,,,,,,,,
SciVis,2016,10.1109/TVCG.2016.2599041,,,,,,,,,,
SciVis,2016,10.1109/TVCG.2016.2599042,,,,,,,,,,
SciVis,2016,10.1109/TVCG.2016.2599043,,,,,,,,,,
SciVis,2016,10.1109/TVCG.2016.2599049,,,,,,,,,,
SciVis,2016,10.1109/TVCG.2016.2599211,,,,,,,,,,
SciVis,2016,10.1109/TVCG.2016.2599214,,,,,,,,,,
SciVis,2016,10.1109/TVCG.2016.2599217,,,,,,,,,,
VAST,2016,10.1109/TVCG.2016.2598415,,,,,,,,,,
VAST,2016,10.1109/TVCG.2016.2598416,,,,,,,,,,
VAST,2016,10.1109/TVCG.2016.2598432,,,,,,,,,,
VAST,2016,10.1109/TVCG.2016.2598444,,,,,,,,,,
VAST,2016,10.1109/TVCG.2016.2598445,,,,,,,,,,
VAST,2016,10.1109/TVCG.2016.2598446,,,,,,,,,,
VAST,2016,10.1109/TVCG.2016.2598447,,,,,,,,,,
VAST,2016,10.1109/TVCG.2016.2598460,,,,,,,,,,
VAST,2016,10.1109/TVCG.2016.2598463,,,,,,,,,,
VAST,2016,10.1109/TVCG.2016.2598465,,,,,,,,,,
VAST,2016,10.1109/TVCG.2016.2598466,,,,,,,,,,
VAST,2016,10.1109/TVCG.2016.2598467,,,,,,,,,,
VAST,2016,10.1109/TVCG.2016.2598468,,,,,,,,,,
VAST,2016,10.1109/TVCG.2016.2598469,,,,,,,,,,
VAST,2016,10.1109/TVCG.2016.2598470,,,,,,,,,,
VAST,2016,10.1109/TVCG.2016.2598471,,,,,,,,,,
VAST,2016,10.1109/TVCG.2016.2598472,,,,,,,,,,
VAST,2016,10.1109/TVCG.2016.2598479,,,,,,,,,,
VAST,2016,10.1109/TVCG.2016.2598495,,,,,,,,,,
VAST,2016,10.1109/TVCG.2016.2598497,,,,,,,,,,
VAST,2016,10.1109/TVCG.2016.2598543,,,,,,,,,,
VAST,2016,10.1109/TVCG.2016.2598544,,,,,,,,,,
VAST,2016,10.1109/TVCG.2016.2598545,,,,,,,,,,
VAST,2016,10.1109/TVCG.2016.2598664,,,,,,,,,,
VAST,2016,10.1109/TVCG.2016.2598695,,,,,,,,,,
VAST,2016,10.1109/TVCG.2016.2598796,,,,,,,,,,
VAST,2016,10.1109/TVCG.2016.2598797,,,,,,,,,,
VAST,2016,10.1109/TVCG.2016.2598828,,,,,,,,,,
VAST,2016,10.1109/TVCG.2016.2598829,,,,,,,,,,
VAST,2016,10.1109/TVCG.2016.2598830,,,,,,,,,,
VAST,2016,10.1109/TVCG.2016.2598831,,,,,,,,,,
VAST,2016,10.1109/TVCG.2016.2598838,,,,,,,,,,
VAST,2016,10.1109/TVCG.2016.2599378,,,,,,,,,,
VAST,2016,10.1109/VAST.2016.7883506,,,,,,,,,,
VAST,2016,10.1109/VAST.2016.7883507,,,,,,,,,,
VAST,2016,10.1109/VAST.2016.7883508,,,,,,,,,,
VAST,2016,10.1109/VAST.2016.7883509,,,,,,,,,,
VAST,2016,10.1109/VAST.2016.7883510,,,,,,,,,,
VAST,2016,10.1109/VAST.2016.7883511,,,,,,,,,,
VAST,2016,10.1109/VAST.2016.7883512,,,,,,,,,,
VAST,2016,10.1109/VAST.2016.7883513,,,,,,,,,,
VAST,2016,10.1109/VAST.2016.7883514,,,,,,,,,,
VAST,2016,10.1109/VAST.2016.7883515,,,,,,,,,,
VAST,2016,10.1109/VAST.2016.7883516,,,,,,,,,,
VAST,2016,10.1109/VAST.2016.7883517,,,,,,,,,,
VAST,2016,10.1109/VAST.2016.7883518,,,,,,,,,,
VAST,2016,10.1109/VAST.2016.7883519,,,,,,,,,,
VAST,2016,10.1109/VAST.2016.7883520,,,,,,,,,,
InfoVis,2017,10.1109/TVCG.2017.2743858,,,,,,,,,,
InfoVis,2017,10.1109/TVCG.2017.2743859,,,,,,,,,,
InfoVis,2017,10.1109/TVCG.2017.2743898,,,,,,,,,,
InfoVis,2017,10.1109/TVCG.2017.2743918,,,,,,,,,,
InfoVis,2017,10.1109/TVCG.2017.2743939,,,,,,,,,,
InfoVis,2017,10.1109/TVCG.2017.2743959,,,,,,,,,,
InfoVis,2017,10.1109/TVCG.2017.2743998,,,,,,,,,,
InfoVis,2017,10.1109/TVCG.2017.2744018,,,,,,,,,,
InfoVis,2017,10.1109/TVCG.2017.2744019,,,,,,,,,,
InfoVis,2017,10.1109/TVCG.2017.2744118,,,,,,,,,,
InfoVis,2017,10.1109/TVCG.2017.2744138,,,,,,,,,,
InfoVis,2017,10.1109/TVCG.2017.2744158,,,,,,,,,,
InfoVis,2017,10.1109/TVCG.2017.2744184,,,,,,,,,,
InfoVis,2017,10.1109/TVCG.2017.2744198,,,,,,,,,,
InfoVis,2017,10.1109/TVCG.2017.2744199,,,,,,,,,,
InfoVis,2017,10.1109/TVCG.2017.2744218,,,,,,,,,,
InfoVis,2017,10.1109/TVCG.2017.2744298,,,,,,,,,,
InfoVis,2017,10.1109/TVCG.2017.2744318,,,,,,,,,,
InfoVis,2017,10.1109/TVCG.2017.2744319,,,,,,,,,,
InfoVis,2017,10.1109/TVCG.2017.2744320,,,,,,,,,,
InfoVis,2017,10.1109/TVCG.2017.2744338,,,,,,,,,,
InfoVis,2017,10.1109/TVCG.2017.2744339,,,,,,,,,,
InfoVis,2017,10.1109/TVCG.2017.2744359,,,,,,,,,,
InfoVis,2017,10.1109/TVCG.2017.2745086,,,,,,,,,,
InfoVis,2017,10.1109/TVCG.2017.2745105,,,,,,,,,,
InfoVis,2017,10.1109/TVCG.2017.2745138,,,,,,,,,,
InfoVis,2017,10.1109/TVCG.2017.2745140,,,,,,,,,,
InfoVis,2017,10.1109/TVCG.2017.2745141,,,,,,,,,,
InfoVis,2017,10.1109/TVCG.2017.2745219,,,,,,,,,,
InfoVis,2017,10.1109/TVCG.2017.2745240,,,,,,,,,,
InfoVis,2017,10.1109/TVCG.2017.2745278,,,,,,,,,,
InfoVis,2017,10.1109/TVCG.2017.2745298,,,,,,,,,,
InfoVis,2017,10.1109/TVCG.2017.2745859,,,,,,,,,,
InfoVis,2017,10.1109/TVCG.2017.2745878,,,,,,,,,,
InfoVis,2017,10.1109/TVCG.2017.2745919,,,,,,,,,,
InfoVis,2017,10.1109/TVCG.2017.2745941,,,,,,,,,,
InfoVis,2017,10.1109/TVCG.2017.2745958,,,,,,,,,,
InfoVis,2017,10.1109/TVCG.2017.2745978,,,,,,,,,,
InfoVis,2017,10.1109/TVCG.2017.2746018,,,,,,,,,,
SciVis,2017,10.1109/TVCG.2017.2743938,,,,,,,,,,
SciVis,2017,10.1109/TVCG.2017.2743958,,,,,,,,,,
SciVis,2017,10.1109/TVCG.2017.2743978,,,,,,,,,,
SciVis,2017,10.1109/TVCG.2017.2743979,,,,,,,,,,
SciVis,2017,10.1109/TVCG.2017.2743980,,,,,,,,,,
SciVis,2017,10.1109/TVCG.2017.2743981,,,,,,,,,,
SciVis,2017,10.1109/TVCG.2017.2743989,,,,,,,,,,
SciVis,2017,10.1109/TVCG.2017.2744038,,,,,,,,,,
SciVis,2017,10.1109/TVCG.2017.2744058,,,,,,,,,,
SciVis,2017,10.1109/TVCG.2017.2744059,,,,,,,,,,
SciVis,2017,10.1109/TVCG.2017.2744078,,,,,,,,,,
SciVis,2017,10.1109/TVCG.2017.2744079,,,,,,,,,,
SciVis,2017,10.1109/TVCG.2017.2744099,,,,,,,,,,
SciVis,2017,10.1109/TVCG.2017.2744159,,,,,,,,,,
SciVis,2017,10.1109/TVCG.2017.2744238,,,,,,,,,,
SciVis,2017,10.1109/TVCG.2017.2744258,,,,,,,,,,
SciVis,2017,10.1109/TVCG.2017.2744278,,,,,,,,,,
SciVis,2017,10.1109/TVCG.2017.2744299,,,,,,,,,,
SciVis,2017,10.1109/TVCG.2017.2744321,,,,,,,,,,
SciVis,2017,10.1109/TVCG.2017.2744438,,,,,,,,,,
SciVis,2017,10.1109/TVCG.2017.2744459,,,,,,,,,,
SciVis,2017,10.1109/TVCG.2017.2744479,,,,,,,,,,
SciVis,2017,10.1109/TVCG.2017.2744518,,,,,,,,,,
VAST,2017,10.1109/TVCG.2017.2743990,,,,,,,,,,
VAST,2017,10.1109/TVCG.2017.2744080,,,,,,,,,,
VAST,2017,10.1109/TVCG.2017.2744098,,,,,,,,,,
VAST,2017,10.1109/TVCG.2017.2744322,,,,,,,,,,
VAST,2017,10.1109/TVCG.2017.2744358,,,,,,,,,,
VAST,2017,10.1109/TVCG.2017.2744378,,,,,,,,,,
VAST,2017,10.1109/TVCG.2017.2744418,,,,,,,,,,
VAST,2017,10.1109/TVCG.2017.2744419,,,,,,,,,,
VAST,2017,10.1109/TVCG.2017.2744458,,,,,,,,,,
VAST,2017,10.1109/TVCG.2017.2744478,,,,,,,,,,
VAST,2017,10.1109/TVCG.2017.2744683,,,,,,,,,,
VAST,2017,10.1109/TVCG.2017.2744684,,,,,,,,,,
VAST,2017,10.1109/TVCG.2017.2744685,,,,,,,,,,
VAST,2017,10.1109/TVCG.2017.2744686,,,,,,,,,,
VAST,2017,10.1109/TVCG.2017.2744718,,,,,,,,,,
VAST,2017,10.1109/TVCG.2017.2744738,,,,,,,,,,
VAST,2017,10.1109/TVCG.2017.2744758,,,,,,,,,,
VAST,2017,10.1109/TVCG.2017.2744805,,,,,,,,,,
VAST,2017,10.1109/TVCG.2017.2744818,,,,,,,,,,
VAST,2017,10.1109/TVCG.2017.2744843,,,,,,,,,,
VAST,2017,10.1109/TVCG.2017.2744878,,,,,,,,,,
VAST,2017,10.1109/TVCG.2017.2744898,,,,,,,,,,
VAST,2017,10.1109/TVCG.2017.2744938,,,,,,,,,,
VAST,2017,10.1109/TVCG.2017.2745078,,,,,,,,,,
VAST,2017,10.1109/TVCG.2017.2745080,,,,,,,,,,
VAST,2017,10.1109/TVCG.2017.2745083,,,,,,,,,,
VAST,2017,10.1109/TVCG.2017.2745085,,,,,,,,,,
VAST,2017,10.1109/TVCG.2017.2745118,,,,,,,,,,
VAST,2017,10.1109/TVCG.2017.2745139,,,,,,,,,,
VAST,2017,10.1109/TVCG.2017.2745158,,,,,,,,,,
VAST,2017,10.1109/TVCG.2017.2745178,,,,,,,,,,
VAST,2017,10.1109/TVCG.2017.2745180,,,,,,,,,,
VAST,2017,10.1109/TVCG.2017.2745181,,,,,,,,,,
VAST,2017,10.1109/TVCG.2017.2745258,,,,,,,,,,
VAST,2017,10.1109/TVCG.2017.2745279,,,,,,,,,,
VAST,2017,10.1109/TVCG.2017.2745280,,,,,,,,,,
VAST,2017,10.1109/TVCG.2017.2745320,,,,,,,,,,
VAST,2017,10.1109/VAST.2017.8585484,,,,,,,,,,
VAST,2017,10.1109/VAST.2017.8585487,,,,,,,,,,
VAST,2017,10.1109/VAST.2017.8585498,,,,,,,,,,
VAST,2017,10.1109/VAST.2017.8585505,,,,,,,,,,
VAST,2017,10.1109/VAST.2017.8585594,,,,,,,,,,
VAST,2017,10.1109/VAST.2017.8585613,,,,,,,,,,
VAST,2017,10.1109/VAST.2017.8585638,,,,,,,,,,
VAST,2017,10.1109/VAST.2017.8585646,,,,,,,,,,
VAST,2017,10.1109/VAST.2017.8585647,,,,,,,,,,
VAST,2017,10.1109/VAST.2017.8585658,,,,,,,,,,
VAST,2017,10.1109/VAST.2017.8585665,,,,,,,,,,
VAST,2017,10.1109/VAST.2017.8585669,,,,,,,,,,
VAST,2017,10.1109/VAST.2017.8585720,,,,,,,,,,
VAST,2017,10.1109/VAST.2017.8585721,,,,,,,,,,
VAST,2017,10.1109/VAST.2017.8585733, its implementation and potential by considering three examples spanning a range of design abstractions: new visualization idioms; validation though visualization algebra; and feminist data visualization. We argue that the rich documentation of the design process provided by literate visualization offers the potential to improve the validity of visualization design and so benefit both academic visualization and visualization practice.",Jo Wood;Alexander Kachkaev;Jason Dykes,Jo Wood;Alexander Kachkaev;Jason Dykes,giCentreCity University of London;giCentreCity University of London;giCentreCity University of London,10.1109/TVCG.2013.145;10.1109/TVCG.2014.2346325;10.1109/TVCG.2017.2744319;10.1109/TVCG.2011.209;10.1109/TVCG.2014.2346331;10.1109/TVCG.2016.2598542;10.1109/TVCG.2009.111;10.1109/TVCG.2015.2467271;10.1109/TVCG.2016.2599030;10.1109/TVCG.2012.213;10.1109/TVCG.2014.2346323,"storytelling,design,literate programming,theory",,1,41,HM
InfoVis,2018,10.1109/TVCG.2018.2864884,,,,,,,,,,
InfoVis,2018,10.1109/TVCG.2018.2864889,,,,,,,,,,
InfoVis,2018,10.1109/TVCG.2018.2864899,,,,,,,,,,
InfoVis,2018,10.1109/TVCG.2018.2864903,,,,,,,,,,
InfoVis,2018,10.1109/TVCG.2018.2864907,,,,,,,,,,
InfoVis,2018,10.1109/TVCG.2018.2864909,,,,,,,,,,
InfoVis,2018,10.1109/TVCG.2018.2864911,,,,,,,,,,
InfoVis,2018,10.1109/TVCG.2018.2864912,,,,,,,,,,
InfoVis,2018,10.1109/TVCG.2018.2864913,,,,,,,,,,
InfoVis,2018,10.1109/TVCG.2018.2864914,,,,,,,,,,
InfoVis,2018,10.1109/TVCG.2018.2865075,,,,,,,,,,
InfoVis,2018,10.1109/TVCG.2018.2865076,,,,,,,,,,
InfoVis,2018,10.1109/TVCG.2018.2865077,,,,,,,,,,
InfoVis,2018,10.1109/TVCG.2018.2865117,,,,,,,,,,
InfoVis,2018,10.1109/TVCG.2018.2865118,,,,,,,,,,
InfoVis,2018,10.1109/TVCG.2018.2865119,,,,,,,,,,
InfoVis,2018,10.1109/TVCG.2018.2865126,,,,,,,,,,
InfoVis,2018,10.1109/TVCG.2018.2865138,,,,,,,,,,
InfoVis,2018,10.1109/TVCG.2018.2865139,,,,,,,,,,
InfoVis,2018,10.1109/TVCG.2018.2865141,,,,,,,,,,
InfoVis,2018,10.1109/TVCG.2018.2865142,,,,,,,,,,
InfoVis,2018,10.1109/TVCG.2018.2865144,,,,,,,,,,
InfoVis,2018,10.1109/TVCG.2018.2865145,,,,,,,,,,
InfoVis,2018,10.1109/TVCG.2018.2865146,,,,,,,,,,
InfoVis,2018,10.1109/TVCG.2018.2865147,,,,,,,,,,
InfoVis,2018,10.1109/TVCG.2018.2865149,,,,,,,,,,
InfoVis,2018,10.1109/TVCG.2018.2865151,,,,,,,,,,
InfoVis,2018,10.1109/TVCG.2018.2865152,,,,,,,,,,
InfoVis,2018,10.1109/TVCG.2018.2865158,,,,,,,,,,
InfoVis,2018,10.1109/TVCG.2018.2865159,,,,,,,,,,
InfoVis,2018,10.1109/TVCG.2018.2865191,,,,,,,,,,
InfoVis,2018,10.1109/TVCG.2018.2865192,,,,,,,,,,
InfoVis,2018,10.1109/TVCG.2018.2865193,,,,,,,,,,
InfoVis,2018,10.1109/TVCG.2018.2865194,,,,,,,,,,
InfoVis,2018,10.1109/TVCG.2018.2865230,,,,,,,,,,
InfoVis,2018,10.1109/TVCG.2018.2865231,,,,,,,,,,
InfoVis,2018,10.1109/TVCG.2018.2865232,,,,,,,,,,
InfoVis,2018,10.1109/TVCG.2018.2865233,,,,,,,,,,
InfoVis,2018,10.1109/TVCG.2018.2865234,,,,,,,,,,
InfoVis,2018,10.1109/TVCG.2018.2865235,,,,,,,,,,
InfoVis,2018,10.1109/TVCG.2018.2865237,,,,,,,,,,
InfoVis,2018,10.1109/TVCG.2018.2865240,,,,,,,,,,
InfoVis,2018,10.1109/TVCG.2018.2865241,,,,,,,,,,
InfoVis,2018,10.1109/TVCG.2018.2865264,,,,,,,,,,
InfoVis,2018,10.1109/TVCG.2018.2865265,,,,,,,,,,
InfoVis,2018,10.1109/TVCG.2018.2865266,,,,,,,,,,
SciVis,2018,10.1109/TVCG.2018.2864432,,,,,,,,,,
SciVis,2018,10.1109/TVCG.2018.2864491,,,,,,,,,,
SciVis,2018,10.1109/TVCG.2018.2864498,,,,,,,,,,
SciVis,2018,10.1109/TVCG.2018.2864505,,,,,,,,,,
SciVis,2018,10.1109/TVCG.2018.2864506,,,,,,,,,,
SciVis,2018,10.1109/TVCG.2018.2864507,,,,,,,,,,
SciVis,2018,10.1109/TVCG.2018.2864508,,,,,,,,,,
SciVis,2018,10.1109/TVCG.2018.2864509,,,,,,,,,,
SciVis,2018,10.1109/TVCG.2018.2864510,,,,,,,,,,
SciVis,2018,10.1109/TVCG.2018.2864656,,,,,,,,,,
SciVis,2018,10.1109/TVCG.2018.2864690,,,,,,,,,,
SciVis,2018,10.1109/TVCG.2018.2864768,,,,,,,,,,
SciVis,2018,10.1109/TVCG.2018.2864801,,,,,,,,,,
SciVis,2018,10.1109/TVCG.2018.2864806,,,,,,,,,,
SciVis,2018,10.1109/TVCG.2018.2864808,,,,,,,,,,
SciVis,2018,10.1109/TVCG.2018.2864813,,,,,,,,,,
SciVis,2018,10.1109/TVCG.2018.2864815,,,,,,,,,,
SciVis,2018,10.1109/TVCG.2018.2864816,,,,,,,,,,
SciVis,2018,10.1109/TVCG.2018.2864817,,,,,,,,,,
SciVis,2018,10.1109/TVCG.2018.2864827,,,,,,,,,,
SciVis,2018,10.1109/TVCG.2018.2864828,,,,,,,,,,
SciVis,2018,10.1109/TVCG.2018.2864839,,,,,,,,,,
SciVis,2018,10.1109/TVCG.2018.2864841,,,,,,,,,,
SciVis,2018,10.1109/TVCG.2018.2864845,,,,,,,,,,
SciVis,2018,10.1109/TVCG.2018.2864846,,,,,,,,,,
SciVis,2018,10.1109/TVCG.2018.2864847,,,,,,,,,,
SciVis,2018,10.1109/TVCG.2018.2864848,,,,,,,,,,
SciVis,2018,10.1109/TVCG.2018.2864849,,,,,,,,,,
SciVis,2018,10.1109/TVCG.2018.2864850,,,,,,,,,,
SciVis,2018,10.1109/TVCG.2018.2864851,,,,,,,,,,
SciVis,2018,10.1109/TVCG.2018.2864852,,,,,,,,,,
SciVis,2018,10.1109/TVCG.2018.2864853,,,,,,,,,,
VAST,2018,10.1109/TVCG.2018.2864475,,,,,,,,,,
VAST,2018,10.1109/TVCG.2018.2864477,,,,,,,,,,
VAST,2018,10.1109/TVCG.2018.2864499,,,,,,,,,,
VAST,2018,10.1109/TVCG.2018.2864500,,,,,,,,,,
VAST,2018,10.1109/TVCG.2018.2864503,,,,,,,,,,
VAST,2018,10.1109/TVCG.2018.2864504,,,,,,,,,,
VAST,2018,10.1109/TVCG.2018.2864526,,,,,,,,,,
VAST,2018,10.1109/TVCG.2018.2864769,,,,,,,,,,
VAST,2018,10.1109/TVCG.2018.2864811,,,,,,,,,,
VAST,2018,10.1109/TVCG.2018.2864812,,,,,,,,,,
VAST,2018,10.1109/TVCG.2018.2864814,,,,,,,,,,
VAST,2018,10.1109/TVCG.2018.2864825,,,,,,,,,,
VAST,2018,10.1109/TVCG.2018.2864826,,,,,,,,,,
VAST,2018,10.1109/TVCG.2018.2864838,,,,,,,,,,
VAST,2018,10.1109/TVCG.2018.2864843,,,,,,,,,,
VAST,2018,10.1109/TVCG.2018.2864844,,,,,,,,,,
VAST,2018,10.1109/TVCG.2018.2864885,,,,,,,,,,
VAST,2018,10.1109/TVCG.2018.2864886,,,,,,,,,,
VAST,2018,10.1109/TVCG.2018.2864887,,,,,,,,,,
VAST,2018,10.1109/TVCG.2018.2864901,,,,,,,,,,
VAST,2018,10.1109/TVCG.2018.2864905,,,,,,,,,,
VAST,2018,10.1109/TVCG.2018.2865018,,,,,,,,,,
VAST,2018,10.1109/TVCG.2018.2865020,,,,,,,,,,
VAST,2018,10.1109/TVCG.2018.2865021,,,,,,,,,,
VAST,2018,10.1109/TVCG.2018.2865022,,,,,,,,,,
VAST,2018,10.1109/TVCG.2018.2865023,,,,,,,,,,
VAST,2018,10.1109/TVCG.2018.2865024,,,,,,,,,,
VAST,2018,10.1109/TVCG.2018.2865025,,,,,,,,,,
VAST,2018,10.1109/TVCG.2018.2865026,,,,,,,,,,
VAST,2018,10.1109/TVCG.2018.2865027,,,,,,,,,,
VAST,2018,10.1109/TVCG.2018.2865028,,,,,,,,,,
VAST,2018,10.1109/TVCG.2018.2865029,,,,,,,,,,
VAST,2018,10.1109/TVCG.2018.2865039,,,,,,,,,,
VAST,2018,10.1109/TVCG.2018.2865040,,,,,,,,,,
VAST,2018,10.1109/TVCG.2018.2865041,,,,,,,,,,
VAST,2018,10.1109/TVCG.2018.2865042,,,,,,,,,,
VAST,2018,10.1109/TVCG.2018.2865043,,,,,,,,,,
VAST,2018,10.1109/TVCG.2018.2865044,,,,,,,,,,
VAST,2018,10.1109/TVCG.2018.2865047,,,,,,,,,,
VAST,2018,10.1109/TVCG.2018.2865049,,,,,,,,,,
VAST,2018,10.1109/TVCG.2018.2865051,,,,,,,,,,
